,Topic,Word,P
0,0,graduate,0.0077519384
1,0,school,0.0077519384
2,0,opportunity,0.0077519384
3,1,graduate,0.052084584
4,1,school,0.052084584
5,1,program,0.052083913
6,2,engineering,0.057260316
7,2,appropriate,0.038854938
8,2,using,0.038854938
9,3,name,0.06862764
10,3,program,0.04656912
11,3,would,0.046568893
12,4,provide,0.030581051
13,4,effectively,0.030581025
14,4,meet,0.030580997
15,5,providing,0.03144674
16,5,learning,0.031446546
17,5,professional,0.031446528
18,6,engineering,0.06714689
19,6,apply,0.02398104
20,6,opportunity,0.023980819
21,7,student,0.049751982
22,7,advising,0.04975143
23,7,option,0.04975129
24,8,program,0.08873029
25,8,mechanical,0.08873007
26,8,engineering,0.08872956
